repo	run_id	status	conclusion	created_at	updated_at	head_branch	workflow	event	url
ai-agent-hub	37917905255	completed	failure	2026-10-09T10:29:23Z	2026-10-09T12:39:20Z	main	Daily Maintenance	schedule	https://github.com/balajirajput96/ai-agent-hub/actions/runs/37917905255
ai-agent-hub	37763999661	completed	failure	2026-10-08T10:31:11Z	2026-10-09T12:40:03Z	main	Daily Maintenance	schedule	https://github.com/balajirajput96/ai-agent-hub/actions/runs/37763999661
chatbot	34572177539	completed	failure	2026-09-11T06:57:34Z	2026-09-11T06:58:24Z	dependabot/npm_and_yarn/npm_and_yarn-5248377724	Verify application	pull_request	https://github.com/balajirajput96/chatbot/actions/runs/34572177539
chatbot	34571959532	completed	failure	2026-09-11T06:54:33Z	2026-09-11T06:57:32Z	main	npm_and_yarn in /. for @ai-sdk/provider-utils, @opentelemetry/core, dompurify, dompurify, dompurify, dompurify, dompurify, dompurify, dompurify, dompurify, dompurify, dompurify, dompurify, dompurify, dompurify, dompurify, dompurify, dompurify, dompurify, dompurify, esbuild, kysely, kysely, kysely, linkify-it, linkify-it, lodash-es, lodash-es, markdown-it, markdown-it, mdast-util-to-hast, mermaid, mermaid, mermaid, mermaid, mermaid, mermaid, mermaid, mermaid, mermaid, minimatch, next, next, next, next, pl...	dynamic	https://github.com/balajirajput96/chatbot/actions/runs/34571959532
chatbot	34560159314	completed	failure	2026-09-11T03:53:44Z	2026-09-11T03:55:45Z	main	npm_and_yarn in /. for @ai-sdk/provider-utils, @opentelemetry/core, dompurify, dompurify, dompurify, dompurify, dompurify, dompurify, dompurify, dompurify, dompurify, dompurify, dompurify, dompurify, dompurify, dompurify, dompurify, dompurify, dompurify, dompurify, esbuild, kysely, kysely, kysely, linkify-it, linkify-it, lodash-es, lodash-es, markdown-it, markdown-it, mdast-util-to-hast, mermaid, mermaid, mermaid, mermaid, mermaid, mermaid, mermaid, mermaid, mermaid, minimatch, playwright, postcss, postc...	dynamic	https://github.com/balajirajput96/chatbot/actions/runs/34560159314
github-audit-automation	37953990632	in_progress		2026-10-09T15:44:35Z	2026-10-09T15:44:39Z	feature/hourly-audit-bootstrap	Hourly GitHub audit continuation	schedule	https://github.com/balajirajput96/github-audit-automation/actions/runs/37953990632
github-dashboard	34545797398	completed	failure	2026-09-11T00:16:35Z	2026-09-11T00:18:47Z	main	npm_and_yarn in /. for @babel/core, @vitest/mocker, baseline-browser-mapping, browserslist, esbuild, esbuild, qs, qs, tar, tar, tar, tar, tar, tar, tar, tar, tar, vitest - Update #1570009143	dynamic	https://github.com/balajirajput96/github-dashboard/actions/runs/34545797398
github-dashboard	34524669411	completed	failure	2026-09-10T20:09:25Z	2026-09-10T20:11:22Z	main	npm_and_yarn in /. for @babel/core, @vitest/mocker, baseline-browser-mapping, browserslist, esbuild, esbuild, qs, qs, tar, tar, tar, tar, tar, tar, tar, tar, tar - Update #1569498435	dynamic	https://github.com/balajirajput96/github-dashboard/actions/runs/34524669411
github-dashboard	34432699903	completed	failure	2026-09-10T03:16:30Z	2026-09-10T03:18:19Z	main	npm_and_yarn in /. for @babel/core, @vitest/mocker, baseline-browser-mapping, browserslist, esbuild, esbuild, qs, qs, tar, tar, tar, tar, tar, tar, tar, tar, tar - Update #1567711986	dynamic	https://github.com/balajirajput96/github-dashboard/actions/runs/34432699903
github-dashboard	34429486346	completed	failure	2026-09-10T02:27:02Z	2026-09-10T02:28:53Z	main	npm_and_yarn in /. for @babel/core, baseline-browser-mapping, browserslist, esbuild, esbuild, qs, tar, tar, tar, tar, tar, tar, tar, tar, tar - Update #1567602804	dynamic	https://github.com/balajirajput96/github-dashboard/actions/runs/34429486346
github-dashboard	34322234066	completed	failure	2026-09-09T07:06:53Z	2026-09-09T07:08:29Z	main	npm_and_yarn in /. for @babel/core, browserslist, esbuild, esbuild, qs, tar, tar, tar, tar, tar, tar, tar, tar, tar - Update #1565511959	dynamic	https://github.com/balajirajput96/github-dashboard/actions/runs/34322234066
gmail-resume-mailer	37369170429	completed	failure	2026-10-05T20:20:59Z	2026-10-05T20:36:05Z	main	npm_and_yarn in /. for @babel/core, @smithy/config-resolver, @vitest/mocker, axios, axios, baseline-browser-mapping, body-parser, browserslist, dompurify, dompurify, dompurify, dompurify, dompurify, dompurify, dompurify, dompurify, dompurify, dompurify, dompurify, dompurify, dompurify, dompurify, dompurify, dompurify, dompurify, dompurify, esbuild, esbuild, fast-xml-parser, fast-xml-parser, fast-xml-parser, fast-xml-parser, fast-xml-parser, fast-xml-parser, fast-xml-parser, lodash, lodash, lodash, lodash...	dynamic	https://github.com/balajirajput96/gmail-resume-mailer/actions/runs/37369170429
job-automation-orchestrator	37364103412	completed	failure	2026-10-05T19:32:50Z	2026-10-05T19:47:54Z	main	Hourly deterministic maintenance	schedule	https://github.com/balajirajput96/job-automation-orchestrator/actions/runs/37364103412
neuro-pulse-content-studio	37909074653	completed	failure	2026-10-09T09:05:51Z	2026-10-09T09:06:07Z	main	Daily Repository Health	schedule	https://github.com/balajirajput96/neuro-pulse-content-studio/actions/runs/37909074653
neuro-pulse-content-studio	37753500794	completed	failure	2026-10-08T08:59:09Z	2026-10-08T08:59:26Z	main	Daily Repository Health	schedule	https://github.com/balajirajput96/neuro-pulse-content-studio/actions/runs/37753500794
neuro-pulse-content-studio	37595295872	completed	failure	2026-10-07T08:40:08Z	2026-10-07T08:40:30Z	main	Daily Repository Health	schedule	https://github.com/balajirajput96/neuro-pulse-content-studio/actions/runs/37595295872
neuro-pulse-content-studio	37439872390	completed	failure	2026-10-06T08:59:41Z	2026-10-06T09:00:01Z	main	Daily Repository Health	schedule	https://github.com/balajirajput96/neuro-pulse-content-studio/actions/runs/37439872390
neuro-pulse-content-studio	37287782164	completed	failure	2026-10-05T09:05:48Z	2026-10-05T09:06:05Z	main	Daily Repository Health	schedule	https://github.com/balajirajput96/neuro-pulse-content-studio/actions/runs/37287782164
neuro-pulse-content-studio	37188978477	completed	failure	2026-10-04T08:27:29Z	2026-10-04T08:27:45Z	main	Daily Repository Health	schedule	https://github.com/balajirajput96/neuro-pulse-content-studio/actions/runs/37188978477
neuro-pulse-content-studio	37108616366	completed	failure	2026-10-03T08:07:08Z	2026-10-03T08:08:00Z	main	Daily Repository Health	schedule	https://github.com/balajirajput96/neuro-pulse-content-studio/actions/runs/37108616366
neuro-pulse-content-studio	36984663357	completed	failure	2026-10-02T08:33:02Z	2026-10-02T08:33:18Z	main	Daily Repository Health	schedule	https://github.com/balajirajput96/neuro-pulse-content-studio/actions/runs/36984663357
neuro-pulse-content-studio	36839605609	completed	failure	2026-10-01T08:57:32Z	2026-10-01T08:57:49Z	main	Daily Repository Health	schedule	https://github.com/balajirajput96/neuro-pulse-content-studio/actions/runs/36839605609
neuro-pulse-content-studio	36690612036	completed	failure	2026-09-30T08:35:06Z	2026-09-30T08:35:24Z	main	Daily Repository Health	schedule	https://github.com/balajirajput96/neuro-pulse-content-studio/actions/runs/36690612036
sellbuilding-ai-agent	37552059721	completed	failure	2026-10-07T00:27:29Z	2026-10-07T00:28:15Z	main	Hourly maintenance health	schedule	https://github.com/balajirajput96/sellbuilding-ai-agent/actions/runs/37552059721
